/*
SQLyog Ultimate v10.41 
MySQL - 5.5.5-10.1.32-MariaDB : Database - catch
*********************************************************************
*/

/*!40101 SET NAMES utf8 */;

/*!40101 SET SQL_MODE=''*/;

/*!40014 SET @OLD_UNIQUE_CHECKS=@@UNIQUE_CHECKS, UNIQUE_CHECKS=0 */;
/*!40014 SET @OLD_FOREIGN_KEY_CHECKS=@@FOREIGN_KEY_CHECKS, FOREIGN_KEY_CHECKS=0 */;
/*!40101 SET @OLD_SQL_MODE=@@SQL_MODE, SQL_MODE='NO_AUTO_VALUE_ON_ZERO' */;
/*!40111 SET @OLD_SQL_NOTES=@@SQL_NOTES, SQL_NOTES=0 */;
/*Table structure for table `customers` */

DROP TABLE IF EXISTS `customers`;

CREATE TABLE `customers` (
  `id` bigint(20) NOT NULL,
  `first_name` varchar(50) DEFAULT NULL,
  `last_name` varchar(50) DEFAULT NULL,
  `email` varchar(50) DEFAULT NULL,
  `phone` varchar(50) DEFAULT NULL,
  `add_date` timestamp NOT NULL DEFAULT CURRENT_TIMESTAMP ON UPDATE CURRENT_TIMESTAMP,
  PRIMARY KEY (`id`)
) ENGINE=InnoDB DEFAULT CHARSET=latin1;

/*Data for the table `customers` */

insert  into `customers`(`id`,`first_name`,`last_name`,`email`,`phone`,`add_date`) values (587625,'Avery','Hessel','avery.hessel@example.org','1402.8648','2019-08-03 15:01:17'),(597877,'Emory','Jacobson','emory.jacobson@example.net','(02)-2511-6290','2019-08-03 15:01:17'),(779458,'Alda','Koss','alda.koss@example.org','(02) 6253 1125','2019-08-03 15:01:16'),(815298,'Reynold','Weber','reynold.weber@example.org','32478586','2019-08-03 15:01:17'),(888195,'Norris','Kassulke','norris.kassulke@example.net','1633.1749','2019-08-03 15:01:14'),(988573,'Geovanny','O\'Keefe','geovanny.okeefe@example.com','5515.0475','2019-08-03 15:01:16'),(1047124,'Eleanora','Howell','eleanora.howell@example.org','0786184081','2019-08-03 15:01:14'),(1276184,'Yadira','West','yadira.west@example.net','+61737481647','2019-08-03 15:01:15'),(1294450,'Luciano','Fadel','luciano.fadel@example.org','(02) 5482 0345','2019-08-03 15:01:14'),(1461254,'Roslyn','Durgan','roslyn.durgan@example.com','2359 0281','2019-08-03 15:01:15'),(1462274,'Evert','Reichel','evert.reichel@example.org','08 7258 6692','2019-08-03 15:01:16'),(1835089,'Thomas','Rippin','thomas.rippin@example.com','+61 8 8698 2741','2019-08-03 15:01:17'),(1921430,'Annabelle','Bartoletti','annabelle.bartoletti@example.net','+61-3-9372-4677','2019-08-03 15:01:16'),(2124681,'Gloria','Swaniawski','gloria.swaniawski@example.org','0355740477','2019-08-03 15:01:16'),(2290259,'Omari','O\'Connell','omari.oconnell@example.com','(02)-4338-3590','2019-08-03 15:01:16'),(2290933,'Ruben','Gerhold','ruben.gerhold@example.org','84633963','2019-08-03 15:01:16'),(2423718,'Charles','Schimmel','charles.schimmel@example.org','3458 9062','2019-08-03 15:01:15'),(2472235,'Judson','Bauch','judson.bauch@example.org','+61-8-9700-1229','2019-08-03 15:01:17'),(2568708,'Tiana','Herzog','tiana.herzog@example.net','4928-9238','2019-08-03 15:01:16'),(2577761,'Karolann','O\'Kon','karolann.okon@example.org','(03)-4258-1633','2019-08-03 15:01:15'),(2579423,'Kailyn','Friesen','kailyn.friesen@example.org','4733 0660','2019-08-03 15:01:14'),(2628395,'Shyann','Auer','shyann.auer@example.com','5425 1674','2019-08-03 15:01:15'),(2665355,'Melody','O\'Kon','melody.okon@example.net','(02)80612592','2019-08-03 15:01:15'),(2671422,'Fae','Murphy','fae.murphy@example.org','5438.9413','2019-08-03 15:01:14'),(2712731,'Shakira','Rutherford','shakira.rutherford@example.com','+61248056938','2019-08-03 15:01:14'),(2821447,'Dannie','Marquardt','dannie.marquardt@example.org','37875743','2019-08-03 15:01:17'),(2854107,'Andy','Kautzer','andy.kautzer@example.net','(08) 6059 8986','2019-08-03 15:01:14'),(2879613,'Esther','Rau','esther.rau@example.org','96277320','2019-08-03 15:01:17'),(2890389,'Myrl','Nicolas','myrl.nicolas@example.net','8462.5048','2019-08-03 15:01:17'),(3170283,'Aidan','Koelpin','aidan.koelpin@example.com','+61.2.8332.1598','2019-08-03 15:01:17'),(3206399,'Dedrick','Monahan','dedrick.monahan@example.org','8689-0223','2019-08-03 15:01:15'),(3252921,'Carolina','Brekke','carolina.brekke@example.net','(07) 5492 9839','2019-08-03 15:01:17'),(3315776,'Shany','McClure','shany.mcclure@example.net','02.7568.6546','2019-08-03 15:01:15'),(3320326,'Carol','Schaefer','carol.schaefer@example.net','03-2519-6947','2019-08-03 15:01:16'),(3332601,'Luigi','Wilderman','luigi.wilderman@example.com','+61-2-3636-4138','2019-08-03 15:01:17'),(3339829,'Orland','Towne','orland.towne@example.net','(08)-1906-8731','2019-08-03 15:01:17'),(3374005,'Berenice','Heidenreich','berenice.heidenreich@example.com','(03) 7186 5608','2019-08-03 15:01:17'),(3380067,'Wilmer','Adams','wilmer.adams@example.org','+61.8.0493.6617','2019-08-03 15:01:17'),(3393279,'Wilburn','Johns','wilburn.johns@example.org','+61.8.0929.6920','2019-08-03 15:01:16'),(3432606,'Brenna','Upton','brenna.upton@example.org','0862450556','2019-08-03 15:01:17'),(3516446,'Caitlyn','Rosenbaum','caitlyn.rosenbaum@example.com','+61.3.8478.3197','2019-08-03 15:01:14'),(3546881,'Norwood','Batz','norwood.batz@example.com','08 8265 9827','2019-08-03 15:01:17'),(3588200,'Melody','Torphy','melody.torphy@example.net','(02)50520256','2019-08-03 15:01:16'),(3613428,'Serena','Beatty','serena.beatty@example.com','3503 4778','2019-08-03 15:01:17'),(3649179,'Eloy','Roberts','eloy.roberts@example.com','0209599754','2019-08-03 15:01:14'),(3745573,'Libby','Davis','libby.davis@example.org','0063-3790','2019-08-03 15:01:16'),(3759017,'Carmen','Buckridge','carmen.buckridge@example.net','+61716659489','2019-08-03 15:01:16'),(3760348,'Guido','Dooley','guido.dooley@example.org','+61-3-5554-3196','2019-08-03 15:01:17'),(3792758,'Prince','Weissnat','prince.weissnat@example.org','1767.7319','2019-08-03 15:01:16'),(3805442,'Terrell','Bauch','terrell.bauch@example.com','+61-7-5571-1605','2019-08-03 15:01:14'),(3815375,'Gavin','Price','gavin.price@example.net','(03).6046.4084','2019-08-03 15:01:15'),(3872711,'Brian','Huel','brian.huel@example.net','(03)-6469-5491','2019-08-03 15:01:17'),(3876409,'Houston','Berge','houston.berge@example.com','3875-5461','2019-08-03 15:01:17'),(4003708,'Penelope','Jaskolski','penelope.jaskolski@example.net','02.6573.8037','2019-08-03 15:01:15'),(4130418,'Gino','Collier','gino.collier@example.org','(03)-8684-5144','2019-08-03 15:01:17'),(4324277,'Trey','Murray','trey.murray@example.com','+61 3 7023 6831','2019-08-03 15:01:17'),(4451927,'Aimee','Wintheiser','aimee.wintheiser@example.com','07-7647-9544','2019-08-03 15:01:14'),(4615457,'Mallory','Windler','mallory.windler@example.net','02 9106 0807','2019-08-03 15:01:14'),(4947257,'Saige','Kessler','saige.kessler@example.org','02.3816.3382','2019-08-03 15:01:14'),(5077599,'Jeremy','Jerde','jeremy.jerde@example.org','19119505','2019-08-03 15:01:16'),(5144344,'Alicia','Conn','alicia.conn@example.com','+61 8 4809 0061','2019-08-03 15:01:14'),(5157372,'Eusebio','Gleason','eusebio.gleason@example.net','03-7798-2686','2019-08-03 15:01:17'),(5174564,'Elvis','Jakubowski','elvis.jakubowski@example.org','+61231377936','2019-08-03 15:01:15'),(5220760,'Kevin','Runolfsdottir','kevin.runolfsdottir@example.com','08 1332 5883','2019-08-03 15:01:17'),(5314168,'Luther','Armstrong','luther.armstrong@example.com','+61.7.8346.0281','2019-08-03 15:01:17'),(5549098,'Cora','Stehr','cora.stehr@example.org','07.4527.9790','2019-08-03 15:01:16'),(5629702,'Pedro','Donnelly','pedro.donnelly@example.net','+61-8-3223-2292','2019-08-03 15:01:16'),(5643986,'Myles','Turcotte','myles.turcotte@example.org','0810428204','2019-08-03 15:01:17'),(5648657,'Meta','Dicki','meta.dicki@example.org','07 0644 4840','2019-08-03 15:01:13'),(5801183,'Nash','Grimes','nash.grimes@example.org','+61-3-9987-4325','2019-08-03 15:01:15'),(5863282,'Laurine','Ryan','laurine.ryan@example.com','9089 3959','2019-08-03 15:01:16'),(6072926,'Alda','Dach','alda.dach@example.org','6586-0281','2019-08-03 15:01:14'),(6297908,'Cory','Dare','cory.dare@example.com','07-8221-0792','2019-08-03 15:01:17'),(6333214,'Aiden','Gleichner','aiden.gleichner@example.org','+61806293388','2019-08-03 15:01:17'),(6440293,'Andre','Eichmann','andre.eichmann@example.com','9807 1737','2019-08-03 15:01:14'),(6457027,'Jo','Anderson','jo.anderson@example.org','(03) 0459 4863','2019-08-03 15:01:14'),(6615696,'Esperanza','Hermiston','esperanza.hermiston@example.com','+61883396837','2019-08-03 15:01:14'),(6630436,'Lavon','Effertz','lavon.effertz@example.org','(07)-7688-3597','2019-08-03 15:01:17'),(6776727,'Jarrett','Zboncak','jarrett.zboncak@example.org','03-4879-0580','2019-08-03 15:01:14'),(6813567,'Elyse','Murazik','elyse.murazik@example.net','07-0582-0323','2019-08-03 15:01:14'),(6823388,'Helga','Jaskolski','helga.jaskolski@example.org','1736 8973','2019-08-03 15:01:15'),(6903648,'Armand','Gibson','armand.gibson@example.org','(03)37155719','2019-08-03 15:01:16'),(7118202,'Sienna','Paucek','sienna.paucek@example.net','03.2879.7270','2019-08-03 15:01:15'),(7126333,'Evie','Gottlieb','evie.gottlieb@example.net','+61 7 5425 8093','2019-08-03 15:01:17'),(7140204,'Emilio','Cremin','emilio.cremin@example.net','02.8995.7268','2019-08-03 15:01:16'),(7143878,'Geoffrey','Zboncak','geoffrey.zboncak@example.net','+61323771769','2019-08-03 15:01:15'),(7149603,'Mac','Kunde','mac.kunde@example.com','(03).9675.6093','2019-08-03 15:01:16'),(7345563,'Alexis','Kihn','alexis.kihn@example.com','(02)-0895-0291','2019-08-03 15:01:17'),(7389169,'Shana','Eichmann','shana.eichmann@example.com','02-0921-5926','2019-08-03 15:01:17'),(7525358,'Myrtle','Durgan','myrtle.durgan@example.com','7027-2683','2019-08-03 15:01:15'),(7614062,'Alfredo','Bosco','alfredo.bosco@example.com','+61 2 4607 5289','2019-08-03 15:01:17'),(7652056,'Electa','Okuneva','electa.okuneva@example.com','4471.8531','2019-08-03 15:01:15'),(7730954,'Sibyl','Feil','sibyl.feil@example.com','3491.3991','2019-08-03 15:01:16'),(7808927,'Curt','Johnston','curt.johnston@example.com','08 3121 7407','2019-08-03 15:01:16'),(7936706,'Joan','Mayer','joan.mayer@example.com','+61 7 6794 0999','2019-08-03 15:01:15'),(7970214,'Edwardo','Rowe','edwardo.rowe@example.org','(08) 7167 1968','2019-08-03 15:01:13'),(8046312,'Geraldine','Homenick','geraldine.homenick@example.com','9945 6570','2019-08-03 15:01:16'),(8075189,'Darlene','Walker','darlene.walker@example.com','08-3244-9614','2019-08-03 15:01:15'),(8158928,'Pearline','Schroeder','pearline.schroeder@example.org','+61-8-1483-8469','2019-08-03 15:01:14'),(8275944,'Orland','Larkin','orland.larkin@example.com','(03).1439.9569','2019-08-03 15:01:16'),(8384200,'Gwendolyn','Schmidt','gwendolyn.schmidt@example.net','+61-8-6093-4812','2019-08-03 15:01:14'),(8395933,'Kolby','Mueller','kolby.mueller@example.net','08-3575-4014','2019-08-03 15:01:16'),(8590178,'Cecile','Franecki','cecile.franecki@example.org','08-6913-7300','2019-08-03 15:01:15'),(8614639,'Violet','Gutkowski','violet.gutkowski@example.com','6409-5334','2019-08-03 15:01:17'),(8836302,'Roxane','Bartoletti','roxane.bartoletti@example.com','+61710348564','2019-08-03 15:01:15'),(8891502,'Dudley','Hane','dudley.hane@example.com','0322654740','2019-08-03 15:01:15'),(8917811,'Rylan','Hill','rylan.hill@example.com','+61706367039','2019-08-03 15:01:16'),(8924059,'Lesly','Konopelski','lesly.konopelski@example.com','5443 3257','2019-08-03 15:01:17'),(9058691,'Cory','Mohr','cory.mohr@example.com','(08)16332469','2019-08-03 15:01:16'),(9115152,'Deja','Rath','deja.rath@example.net','(07)-1532-2448','2019-08-03 15:01:15'),(9392599,'Chris','Heller','chris.heller@example.org','08 9154 1974','2019-08-03 15:01:16'),(9481397,'Terrance','Gutkowski','terrance.gutkowski@example.org','+61768754464','2019-08-03 15:01:17'),(9586566,'Salvatore','Schaefer','salvatore.schaefer@example.com','4949-4494','2019-08-03 15:01:14'),(9652775,'Trey','Hane','trey.hane@example.org','7293 1863','2019-08-03 15:01:17'),(9669222,'Oran','Fadel','oran.fadel@example.com','+61296547587','2019-08-03 15:01:17'),(9808184,'Dorthy','Prohaska','dorthy.prohaska@example.com','(02)-7433-7472','2019-08-03 15:01:17'),(9811769,'Maia','Lindgren','maia.lindgren@example.net','03-5620-4521','2019-08-03 15:01:17'),(9852250,'Reece','Olson','reece.olson@example.org','+61213155408','2019-08-03 15:01:17'),(9854133,'Ruthie','Kunde','ruthie.kunde@example.org','+61248264296','2019-08-03 15:01:17'),(9872222,'Winona','Simonis','winona.simonis@example.net','9923-4899','2019-08-03 15:01:15');

/*Table structure for table `order` */

DROP TABLE IF EXISTS `order`;

CREATE TABLE `order` (
  `id` bigint(20) NOT NULL,
  `customer_id` bigint(20) NOT NULL,
  `order_date` datetime DEFAULT NULL,
  `add_date` timestamp NOT NULL DEFAULT CURRENT_TIMESTAMP ON UPDATE CURRENT_TIMESTAMP,
  PRIMARY KEY (`id`,`customer_id`),
  KEY `customer_order_fk` (`customer_id`),
  CONSTRAINT `customer_order_fk` FOREIGN KEY (`customer_id`) REFERENCES `customers` (`id`) ON DELETE NO ACTION ON UPDATE NO ACTION
) ENGINE=InnoDB DEFAULT CHARSET=latin1;

/*Data for the table `order` */

insert  into `order`(`id`,`customer_id`,`order_date`,`add_date`) values (1001,7970214,'2019-03-08 12:13:29','2019-08-03 15:56:36'),(1002,5648657,'2019-03-08 13:45:01','2019-08-03 15:56:36'),(1003,2579423,'2019-03-08 14:57:31','2019-08-03 15:56:36'),(1004,2854107,'2019-03-08 17:34:30','2019-08-03 15:56:36'),(1005,2712731,'2019-03-08 19:03:05','2019-08-03 15:56:36'),(1006,1294450,'2019-03-08 20:22:51','2019-08-03 15:56:36'),(1007,5144344,'2019-03-08 22:00:26','2019-08-03 15:56:36'),(1008,8158928,'2019-03-08 23:55:30','2019-08-03 15:56:36'),(1009,3805442,'2019-03-09 00:21:12','2019-08-03 15:56:36'),(1010,6457027,'2019-03-09 00:59:40','2019-08-03 15:56:37'),(1011,6813567,'2019-03-09 01:08:06','2019-08-03 15:56:37'),(1012,8384200,'2019-03-09 03:28:29','2019-08-03 15:56:37'),(1013,3649179,'2019-03-09 05:13:44','2019-08-03 15:56:37'),(1014,4615457,'2019-03-09 07:20:34','2019-08-03 15:56:37'),(1015,888195,'2019-03-09 09:51:20','2019-08-03 15:56:37'),(1016,4947257,'2019-03-09 12:17:41','2019-08-03 15:56:37'),(1017,6072926,'2019-03-09 12:29:45','2019-08-03 15:56:37'),(1018,2671422,'2019-03-09 13:32:49','2019-08-03 15:56:37'),(1019,1047124,'2019-03-09 13:57:26','2019-08-03 15:56:37'),(1020,4451927,'2019-03-09 14:08:58','2019-08-03 15:56:37'),(1021,6440293,'2019-03-09 14:31:53','2019-08-03 15:56:37'),(1022,9586566,'2019-03-09 15:49:29','2019-08-03 15:56:37'),(1023,6615696,'2019-03-09 18:34:31','2019-08-03 15:56:37'),(1024,3516446,'2019-03-09 20:35:12','2019-08-03 15:56:37'),(1025,6776727,'2019-03-09 21:12:54','2019-08-03 15:56:37'),(1026,1461254,'2019-03-09 23:02:36','2019-08-03 15:56:38'),(1027,8590178,'2019-03-10 00:33:02','2019-08-03 15:56:38'),(1028,3315776,'2019-03-10 02:15:29','2019-08-03 15:56:38'),(1029,2577761,'2019-03-10 03:34:04','2019-08-03 15:56:38'),(1030,5801183,'2019-03-10 03:58:17','2019-08-03 15:56:38'),(1031,5174564,'2019-03-10 04:38:15','2019-08-03 15:56:38'),(1032,6823388,'2019-03-10 06:27:53','2019-08-03 15:56:38'),(1033,7652056,'2019-03-10 06:30:02','2019-08-03 15:56:38'),(1034,2665355,'2019-03-10 07:33:17','2019-08-03 15:56:38'),(1035,3206399,'2019-03-10 08:51:23','2019-08-03 15:56:38'),(1036,2628395,'2019-03-10 09:38:05','2019-08-03 15:56:38'),(1037,8075189,'2019-03-10 12:11:00','2019-08-03 15:56:38'),(1038,9115152,'2019-03-10 12:38:35','2019-08-03 15:56:38'),(1039,7936706,'2019-03-10 14:38:53','2019-08-03 15:56:38'),(1040,4003708,'2019-03-10 15:16:54','2019-08-03 15:56:38'),(1041,3815375,'2019-03-10 15:52:46','2019-08-03 15:56:38'),(1042,7525358,'2019-03-10 17:44:51','2019-08-03 15:56:39'),(1043,8836302,'2019-03-10 19:07:26','2019-08-03 15:56:39'),(1044,2423718,'2019-03-10 21:13:39','2019-08-03 15:56:39'),(1045,9872222,'2019-03-10 21:54:39','2019-08-03 15:56:39'),(1046,1276184,'2019-03-10 23:58:32','2019-08-03 15:56:39'),(1047,8891502,'2019-03-11 01:17:59','2019-08-03 15:56:39'),(1048,7118202,'2019-03-11 01:33:35','2019-08-03 15:56:39'),(1049,7143878,'2019-03-11 03:53:52','2019-08-03 15:56:39'),(1050,3759017,'2019-03-11 05:54:15','2019-08-03 15:56:39'),(1051,5863282,'2019-03-11 08:33:36','2019-08-03 15:56:39'),(1052,3745573,'2019-03-11 11:15:51','2019-08-03 15:56:39'),(1053,1462274,'2019-03-11 11:35:14','2019-08-03 15:56:39'),(1054,9392599,'2019-03-11 11:49:36','2019-08-03 15:56:39'),(1055,1921430,'2019-03-11 12:03:49','2019-08-03 15:56:39'),(1056,988573,'2019-03-11 13:18:16','2019-08-03 15:56:39'),(1057,779458,'2019-03-11 15:58:11','2019-08-03 15:56:39'),(1058,8275944,'2019-03-11 18:42:12','2019-08-03 15:56:39'),(1059,5629702,'2019-03-11 20:58:27','2019-08-03 15:56:39'),(1060,2568708,'2019-03-11 21:10:19','2019-08-03 15:56:40'),(1061,9058691,'2019-03-11 21:29:52','2019-08-03 15:56:40'),(1062,5077599,'2019-03-11 23:38:24','2019-08-03 15:56:40'),(1063,7808927,'2019-03-12 02:01:32','2019-08-03 15:56:40'),(1064,8917811,'2019-03-12 03:27:44','2019-08-03 15:56:40'),(1065,6903648,'2019-03-12 05:48:57','2019-08-03 15:56:40'),(1066,2290259,'2019-03-12 06:57:00','2019-08-03 15:56:40'),(1067,3588200,'2019-03-12 07:29:07','2019-08-03 15:56:40'),(1068,3393279,'2019-03-12 07:56:40','2019-08-03 15:56:40'),(1069,8046312,'2019-03-12 08:18:07','2019-08-03 15:56:40'),(1070,3320326,'2019-03-12 08:40:03','2019-08-03 15:56:40'),(1071,8395933,'2019-03-12 09:43:10','2019-08-03 15:56:40'),(1072,7149603,'2019-03-12 11:51:25','2019-08-03 15:56:40'),(1073,7140204,'2019-03-12 14:31:46','2019-08-03 15:56:40'),(1074,2124681,'2019-03-12 17:09:09','2019-08-03 15:56:40'),(1075,7730954,'2019-03-12 19:42:05','2019-08-03 15:56:40'),(1076,3792758,'2019-03-12 19:59:31','2019-08-03 15:56:40'),(1077,5549098,'2019-03-12 21:14:05','2019-08-03 15:56:40'),(1078,2290933,'2019-03-12 23:47:55','2019-08-03 15:56:41'),(1079,3613428,'2019-03-13 00:51:36','2019-08-03 15:56:41'),(1080,3380067,'2019-03-13 02:26:13','2019-08-03 15:56:41'),(1081,3332601,'2019-03-13 04:50:29','2019-08-03 15:56:41'),(1082,3339829,'2019-03-13 06:39:01','2019-08-03 15:56:41'),(1083,2472235,'2019-03-13 07:17:52','2019-08-03 15:56:41'),(1084,6333214,'2019-03-13 09:24:19','2019-08-03 15:56:41'),(1085,9811769,'2019-03-13 09:31:09','2019-08-03 15:56:41'),(1086,9852250,'2019-03-13 10:45:50','2019-08-03 15:56:41'),(1087,5157372,'2019-03-13 12:21:16','2019-08-03 15:56:41'),(1088,8924059,'2019-03-13 13:40:45','2019-08-03 15:56:41'),(1089,597877,'2019-03-13 14:59:25','2019-08-03 15:56:41'),(1090,9808184,'2019-03-13 15:11:39','2019-08-03 15:56:41'),(1091,6297908,'2019-03-13 17:02:26','2019-08-03 15:56:41'),(1092,815298,'2019-03-13 19:45:12','2019-08-03 15:56:41'),(1093,9481397,'2019-03-13 19:57:25','2019-08-03 15:56:41'),(1094,6630436,'2019-03-13 21:36:28','2019-08-03 15:56:41'),(1095,3374005,'2019-03-13 22:25:54','2019-08-03 15:56:41'),(1096,8614639,'2019-03-13 23:57:06','2019-08-03 15:56:41'),(1097,2821447,'2019-03-14 00:28:27','2019-08-03 15:56:41'),(1098,3760348,'2019-03-14 00:35:38','2019-08-03 15:56:41'),(1099,3546881,'2019-03-14 02:42:47','2019-08-03 15:56:41'),(1100,7614062,'2019-03-14 04:22:44','2019-08-03 15:56:41'),(1101,9854133,'2019-03-14 05:23:32','2019-08-03 15:56:42'),(1102,2890389,'2019-03-14 06:58:27','2019-08-03 15:56:42'),(1103,3876409,'2019-03-14 09:22:54','2019-08-03 15:56:42'),(1104,2879613,'2019-03-14 11:43:57','2019-08-03 15:56:42'),(1105,3170283,'2019-03-14 13:34:07','2019-08-03 15:56:42'),(1106,3252921,'2019-03-14 16:08:28','2019-08-03 15:56:42'),(1107,5314168,'2019-03-14 17:22:30','2019-08-03 15:56:42'),(1108,1835089,'2019-03-14 19:33:47','2019-08-03 15:56:42'),(1109,9652775,'2019-03-14 20:10:31','2019-08-03 15:56:42'),(1110,4130418,'2019-03-14 22:30:00','2019-08-03 15:56:42'),(1111,4324277,'2019-03-15 00:06:00','2019-08-03 15:56:42'),(1112,587625,'2019-03-15 00:24:25','2019-08-03 15:56:42'),(1113,5643986,'2019-03-15 01:47:32','2019-08-03 15:56:42'),(1114,7126333,'2019-03-15 02:23:47','2019-08-03 15:56:42'),(1115,3872711,'2019-03-15 02:28:58','2019-08-03 15:56:42'),(1116,7345563,'2019-03-15 03:04:08','2019-08-03 15:56:42'),(1117,3432606,'2019-03-15 04:51:18','2019-08-03 15:56:42'),(1118,9669222,'2019-03-15 05:12:55','2019-08-03 15:56:42'),(1119,7389169,'2019-03-15 07:03:28','2019-08-03 15:56:42'),(1120,5220760,'2019-03-15 08:56:57','2019-08-03 15:56:43');

/*Table structure for table `order_items` */

DROP TABLE IF EXISTS `order_items`;

CREATE TABLE `order_items` (
  `order_id` bigint(20) NOT NULL,
  `product_id` bigint(20) NOT NULL,
  `quantity` int(11) DEFAULT NULL,
  `unit_price` decimal(14,2) DEFAULT NULL,
  `add_date` timestamp NOT NULL DEFAULT CURRENT_TIMESTAMP ON UPDATE CURRENT_TIMESTAMP,
  PRIMARY KEY (`order_id`,`product_id`),
  KEY `item_product_fk` (`product_id`),
  CONSTRAINT `item_order_fk` FOREIGN KEY (`order_id`) REFERENCES `order` (`id`) ON DELETE NO ACTION ON UPDATE NO ACTION,
  CONSTRAINT `item_product_fk` FOREIGN KEY (`product_id`) REFERENCES `product` (`id`) ON DELETE NO ACTION ON UPDATE NO ACTION
) ENGINE=InnoDB DEFAULT CHARSET=latin1;

/*Data for the table `order_items` */

insert  into `order_items`(`order_id`,`product_id`,`quantity`,`unit_price`,`add_date`) values (1001,3793908,4,39.95,'2019-08-03 17:07:11'),(1002,3480918,1,24.99,'2019-08-03 17:07:11'),(1003,3762271,6,59.00,'2019-08-03 17:07:11'),(1004,3570184,2,34.99,'2019-08-03 17:07:12'),(1005,3577536,6,9.99,'2019-08-03 17:07:12'),(1006,3550983,6,139.00,'2019-08-03 17:07:12'),(1007,3612373,2,48.99,'2019-08-03 17:07:12');

/*Table structure for table `product` */

DROP TABLE IF EXISTS `product`;

CREATE TABLE `product` (
  `id` bigint(20) NOT NULL,
  `brand_id` bigint(20) NOT NULL,
  `title` varchar(225) DEFAULT NULL,
  `subtitle` varchar(225) DEFAULT NULL,
  `image` varchar(150) DEFAULT NULL,
  `thumbnail` varchar(150) DEFAULT NULL,
  `category` varchar(100) DEFAULT NULL,
  `url` varchar(150) DEFAULT NULL,
  `upc` varchar(50) DEFAULT NULL,
  `gtin14` varchar(50) DEFAULT NULL,
  `created_at` datetime DEFAULT NULL,
  `add_date` timestamp NOT NULL DEFAULT CURRENT_TIMESTAMP ON UPDATE CURRENT_TIMESTAMP,
  PRIMARY KEY (`id`,`brand_id`),
  KEY `product_brand_fk` (`brand_id`)
) ENGINE=InnoDB DEFAULT CHARSET=latin1;

/*Data for the table `product` */

insert  into `product`(`id`,`brand_id`,`title`,`subtitle`,`image`,`thumbnail`,`category`,`url`,`upc`,`gtin14`,`created_at`,`add_date`) values (3480918,205790,'Dukes & Duchesses Kids\' Stripe Ruffle Dress - Black/White ',NULL,'https://s.catch.com.au/images/product/0017/17441/5c6231bcc424d590550435.jpg','https://s.catch.com.au/images/product/0017/17441/5c6231bcc424d590550435_w200.jpg','KIDS APPAREL,NEWBORN AND BABY GIRLS APPAREL,DRESSES,CASUAL DRESS','https://www.catch.com.au/product/dukes-duchesses-kids-stripe-ruffle-dress-black-white-3480918','9345916106776',NULL,'2019-01-07 14:40:19','2019-08-03 16:59:08'),(3550983,6712,'B&O Beoplay P2 Portable Bluetooth Speaker - Teal',NULL,'https://s.catch.com.au/images/product/0016/16925/5c9b3b79ba6ba116297068.jpg','https://s.catch.com.au/images/product/0016/16925/5c9b3b79ba6ba116297068_w200.jpg','ELECTRONICS,AUDIO,AUDIO PLAYERS & RECORDERS,AUDIO BLUETOOTH SPEAKERS','https://www.catch.com.au/product/b-o-beoplay-p2-portable-bluetooth-speaker-teal-3550983','5705260072310',NULL,'2019-01-21 11:44:40','2019-08-03 16:59:09'),(3570184,4870,'Thule Gauntlet 3.0 For 15-Inch MacBook Pro Sleeve - Potion',NULL,'https://s.catch.com.au/images/product/0017/17355/5c5bf99941e45781400498.jpg','https://s.catch.com.au/images/product/0017/17355/5c5bf99941e45781400498_w200.jpg','ELECTRONICS,COMPUTERS,COMPUTERS,COMPUTER ACCESSORIES','https://www.catch.com.au/product/thule-gauntlet-3-0-for-15-inch-macbook-pro-sleeve-potion-3570184','85854236980',NULL,'2019-01-24 16:18:44','2019-08-03 16:59:09'),(3577536,2916,'3 x Kayser Women\'s Luxe Delightfuls Xmas Cheeky Bikini - Red Foil',NULL,'https://s.catch.com.au/images/product/0017/17630/5c6b53c0b2b5a483321317.jpg','https://s.catch.com.au/images/product/0017/17630/5c6b53c0b2b5a483321317_w200.jpg','FASHION APPAREL,UNDERWEAR - WOMENS,BRIEFS,BIKINI BRIEFS','https://www.catch.com.au/product/3-x-kayser-womens-luxe-delightfuls-xmas-cheeky-bikini-red-foil-3577536','9341263394903',NULL,'2019-01-29 10:11:40','2019-08-03 16:59:09'),(3612373,6022,'The Beatles Monopoly Board Game',NULL,'https://s.catch.com.au/images/product/0017/17457/5c6269f146d1b289858034.jpg','https://s.catch.com.au/images/product/0017/17457/5c6269f146d1b289858034_w200.jpg','TOYS AND GAMES,GAMES,BOARD GAMES,BOARD GAMES','https://www.catch.com.au/product/the-beatles-monopoly-board-game-3612373','5053410000424',NULL,'2019-01-30 14:51:27','2019-08-03 16:59:09'),(3762271,3622,'HoMedics Shiatsu Comfort Massage Pillow w/ Heat',NULL,'https://s.catch.com.au/images/product/0018/18600/5c94cbdc4263d140010711.jpg','https://s.catch.com.au/images/product/0018/18600/5c94cbdc4263d140010711_w200.jpg','APPLIANCES,HEALTH AND WELLBEING,BEAUTY,MASSAGER','https://www.catch.com.au/product/homedics-shiatsu-comfort-massage-pillow-w-heat-3762271','031262092106',NULL,'2019-03-05 12:33:45','2019-08-03 16:59:09'),(3793908,4757,'Cellsafe Radi Chip Universal',NULL,'https://s.catch.com.au/images/product/0018/18663/5c986e257eb06332953424.jpg','https://s.catch.com.au/images/product/0018/18663/5c986e257eb06332953424_w200.jpg','ELECTRONICS,PHONES,MOBILE PHONE ACCESSORIES,MOBILE PHONE CASE','https://www.catch.com.au/product/cellsafe-radi-chip-universal-3793908','680569511577',NULL,'2019-03-12 17:44:17','2019-08-03 16:59:08');

/*Table structure for table `product_brand` */

DROP TABLE IF EXISTS `product_brand`;

CREATE TABLE `product_brand` (
  `id` bigint(20) NOT NULL,
  `name` varchar(150) DEFAULT NULL,
  `add_date` timestamp NOT NULL DEFAULT CURRENT_TIMESTAMP ON UPDATE CURRENT_TIMESTAMP,
  PRIMARY KEY (`id`)
) ENGINE=InnoDB DEFAULT CHARSET=latin1;

/*Data for the table `product_brand` */

insert  into `product_brand`(`id`,`name`,`add_date`) values (2916,'Kayser','2019-08-03 16:40:30'),(3622,'Homedics','2019-08-03 16:40:30'),(4757,'Cellsafe','2019-08-03 16:40:29'),(4870,'Thule','2019-08-03 16:40:30'),(6022,'Monopoly','2019-08-03 16:40:30'),(6712,'Bang & Olufsen','2019-08-03 16:40:30'),(205790,'DUKES & DUCHESSES','2019-08-03 16:40:30');

/*Table structure for table `shipping_address` */

DROP TABLE IF EXISTS `shipping_address`;

CREATE TABLE `shipping_address` (
  `customer_id` bigint(20) NOT NULL,
  `street` varchar(150) DEFAULT NULL,
  `suburb` varchar(100) DEFAULT NULL,
  `state` varchar(100) DEFAULT NULL,
  `postcode` varchar(10) DEFAULT NULL,
  PRIMARY KEY (`customer_id`),
  CONSTRAINT `customer_shipaddress_fk` FOREIGN KEY (`customer_id`) REFERENCES `customers` (`id`) ON DELETE NO ACTION ON UPDATE NO ACTION
) ENGINE=InnoDB DEFAULT CHARSET=latin1;

/*Data for the table `shipping_address` */

insert  into `shipping_address`(`customer_id`,`street`,`suburb`,`state`,`postcode`) values (587625,'42 SANDALWOOD ST','HEATHWOOD','QUEENSLAND','4110'),(597877,'1891 PRINCES HWY','HEYWOOD','VICTORIA','3304'),(779458,'10 OSBORNE ST','SOUTH YARRA','VICTORIA','3141'),(815298,'7-11 ALMA STREET, PADDINGTON NSW 2021','PADDINGTON','NEW SOUTH WALES','2021'),(888195,'60 MADDEN DR','GRIFFITH','NEW SOUTH WALES','2680'),(988573,'18 AVENUE ST','MILLSWOOD','SOUTH AUSTRALIA','5034'),(1047124,'74 APPLEBEE ST','ST PETERS','NEW SOUTH WALES','2044'),(1276184,'6 KAMILAROI CR','BRAEMAR','NEW SOUTH WALES','2575'),(1294450,'6 TOOTHILL ST','LEWISHAM','NEW SOUTH WALES','2049'),(1461254,'2 LIVINGSTONE AV','BAULKHAM HILLS','NEW SOUTH WALES','2153'),(1462274,'UNIT 14 112-114 BOYCE RD','MAROUBRA','NEW SOUTH WALES','2035'),(1835089,'501 DRYBURGH ST','NORTH MELBOURNE','VICTORIA','3051'),(1921430,'UNIT 9 1178 PACIFIC HWY','PYMBLE','NEW SOUTH WALES','2073'),(2124681,'UNIT 9 5-7 EXETER RD','HOMEBUSH WEST','NEW SOUTH WALES','2140'),(2290259,'62 VICTORIA ST','NHILL','VICTORIA','3418'),(2290933,'101 LAKE VALLEY DR','LAKELANDS','WESTERN AUSTRALIA','6180'),(2423718,'167 TWIN RANGES DR','WARRAGUL','VICTORIA','3820'),(2472235,'BUILDING H G03 81-86 COURALLIE AVENUE','HOMEBUSH WEST','NEW SOUTH WALES','2140'),(2568708,'37 RUFFLES RD','WILLOW VALE','QUEENSLAND','4209'),(2577761,'11 TRAWALLA RD','TRAWALLA','VICTORIA','3373'),(2579423,'UNIT 1 19 ERROL ST','FOOTSCRAY','VICTORIA','3011'),(2628395,'16 HAYTER ST','SUFFOLK PARK','NEW SOUTH WALES','2481'),(2665355,'10 STELLA ST','BEACONSFIELD','VICTORIA','3807'),(2671422,'172 SANCTUARY DR','WINDSOR DOWNS','NEW SOUTH WALES','2756'),(2712731,'27 DAY ST','KULIN','WESTERN AUSTRALIA','6365'),(2821447,'18 TOROSSI WAY','BOTANIC RIDGE','VICTORIA','3977'),(2854107,'7 NYORA CL','TAYLORS LAKES','VICTORIA','3038'),(2879613,'613 OLD HWY','NAROOMA','NEW SOUTH WALES','2546'),(2890389,'188 CLEAR HILLS RD','TEMORA','NEW SOUTH WALES','2666'),(3170283,'507.1/81 O\'CONNOR STREET','CHIPPENDALE','NEW SOUTH WALES','2008'),(3206399,'24 HARTLEY RD','FLINDERS PARK','SOUTH AUSTRALIA','5025'),(3252921,'22 CURRAWONG ST','MUDJIMBA','QUEENSLAND','4564'),(3315776,'310 TESBURY SCHOOL RD','TESBURY','VICTORIA','3260'),(3320326,'12 FERRIER CR','MINCHINBURY','NEW SOUTH WALES','2770'),(3332601,'UNIT 5 6 HENDRY ST','SUNSHINE WEST','VICTORIA','3020'),(3339829,'BONEO RD','BONEO','VICTORIA','3939'),(3374005,'UNIT 703 1-5 RANDLE ST','SURRY HILLS','NEW SOUTH WALES','2010'),(3380067,'8 RUNYON AV','GREYSTANES','NEW SOUTH WALES','2145'),(3393279,'507.1/81 O\'CONNOR STREET','CHIPPENDALE','NEW SOUTH WALES','2008'),(3432606,'UNIT 6 212 MALABAR RD','SOUTH COOGEE','NEW SOUTH WALES','2034'),(3516446,'UNIT 7 535 OXLEY RD','SHERWOOD','QUEENSLAND','4075'),(3546881,'25 GOLDEN ASH CL','WORRIGEE','NEW SOUTH WALES','2540'),(3588200,'5 CHAMP ST','MEREDITH','VICTORIA','3333'),(3613428,'206 STOCK RD','MELVILLE','WESTERN AUSTRALIA','6156'),(3649179,'28A GREYCLIFFE AV','PENNANT HILLS','NEW SOUTH WALES','2120'),(3745573,'1215 MULGOA RD','MULGOA','NEW SOUTH WALES','2745'),(3759017,'52-54 HOWARDS RD','BEVERLEY','SOUTH AUSTRALIA','5009'),(3760348,'86 JERVOIS TCE','MARINO','SOUTH AUSTRALIA','5049'),(3792758,'7 DEBBIE ST','THE GAP','QUEENSLAND','4061'),(3805442,'8/32-34 ORTON ST','OCEAN GROVE','VICTORIA','3226'),(3815375,'57A MACLEOD ST','BAIRNSDALE','VICTORIA','3875'),(3872711,'19 HOLLINGS DR','KIAMA DOWNS','NEW SOUTH WALES','2533'),(3876409,'UNIT 1 12 CHAINEY CT','GLENVALE','QUEENSLAND','4350'),(4003708,'UNIT 5 25 CARINYA RD','GIRRAWEEN','NEW SOUTH WALES','2145'),(4130418,'54 CAHILL STREET','BEVERLY HILLS','NEW SOUTH WALES','2209'),(4324277,'2429 ARARAT-ST ARNAUD RD','LANDSBOROUGH','VICTORIA','3384'),(4451927,'10 MCKENSEY ST','NULKABA','NEW SOUTH WALES','2325'),(4615457,'UNIT 5 49 SALT ST','WINDSOR','QUEENSLAND','4030'),(4947257,'3 BORONIA DR','MUSWELLBROOK','NEW SOUTH WALES','2333'),(5077599,'67 SPRINGS RD','CLAYTON SOUTH','VICTORIA','3169'),(5144344,'UNIT 19 112 KURRABA RD','NEUTRAL BAY','NEW SOUTH WALES','2089'),(5157372,'32 HEATHER ST','SOUTH LAUNCESTON','TASMANIA','7249'),(5174564,'UNIT 173 14-16 STATION ST','HOMEBUSH','NEW SOUTH WALES','2140'),(5220760,'69 AUSTRAL ST','MALABAR','NEW SOUTH WALES','2036'),(5314168,'49 RANGEVIEW ST','ROCHEDALE SOUTH','QUEENSLAND','4123'),(5549098,'P O BOX 36','STIRLING','SOUTH AUSTRALIA','5152'),(5629702,'47 RIVER BANK DR','GOSNELLS','WESTERN AUSTRALIA','6110'),(5643986,'10 FREDERICK ST','WELLAND','SOUTH AUSTRALIA','5007'),(5648657,'UNIT 904 1 AUSTRALIA AV','SYDNEY OLYMPIC PARK','NEW SOUTH WALES','2127'),(5801183,'30 GAMMAGE BVD','EPPING','VICTORIA','3076'),(5863282,'SHOP 7B 19-31 TOWN TCE','GLENMORE PARK','NEW SOUTH WALES','2745'),(6072926,'UNIT 2 37 GALEEN DR','BURLEIGH WATERS','QUEENSLAND','4220'),(6297908,'59 ANSON ST','SANCTUARY POINT','NEW SOUTH WALES','2540'),(6333214,'UNIT 1 69 BANGALOW ST','ETTALONG BEACH','NEW SOUTH WALES','2257'),(6440293,'5 GLENBROOK AVE','BENOWA','QUEENSLAND','4217'),(6457027,'6 ENTRANCE ST','SOUTH WEST ROCKS','NEW SOUTH WALES','2431'),(6615696,'PO BOX 5178','MURRAY BRIDGE','SOUTH AUSTRALIA','5253'),(6630436,'5 COWRA PL','CRONULLA','NEW SOUTH WALES','2230'),(6776727,'42 GREENHAVEN DR','UMINA BEACH','NEW SOUTH WALES','2257'),(6813567,'1 EASTERN AV','SHELLHARBOUR','NEW SOUTH WALES','2529'),(6823388,'77 COSTIN ST','APOLLO BAY','VICTORIA','3233'),(6903648,'8 REDLEAF WAY','WHEELERS HILL','VICTORIA','3150'),(7118202,'14 MYALL ST','GIRILAMBONE','NEW SOUTH WALES','2831'),(7126333,'UNIT 1 10 JONQUIL ST','ORMEAU','QUEENSLAND','4208'),(7140204,'6 GRIFFITH ROAD','PLYMPTON PARK','SOUTH AUSTRALIA','5038'),(7143878,'28 RITCHIE ST','COBBITTY','NEW SOUTH WALES','2570'),(7149603,'LEVEL 5 406 COLLINS ST','MELBOURNE','VICTORIA','3000'),(7345563,'52 DAWSON DR','WARRAGUL','VICTORIA','3820'),(7389169,'33 KERSHAW ST','MORDIALLOC','VICTORIA','3195'),(7525358,'21 CRAWFORD ST','RICHMOND','QUEENSLAND','4822'),(7614062,'54 WOODSIDE ST','THE GAP','QUEENSLAND','4061'),(7652056,'39 WILLIAMSON AVENUE','STRATHMORE','VICTORIA','3041'),(7730954,'FLAT 10 61 HALSTEAD ST','CAULFIELD NORTH','VICTORIA','3161'),(7808927,'14 ALT CR','DAVIDSON','NEW SOUTH WALES','2085'),(7936706,'6 HOWITT AV','EUROA','VICTORIA','3666'),(7970214,'FLAT 2 896 NEPEAN HWY','MORNINGTON','VICTORIA','3931'),(8046312,'38 BOURNIAN AV','STRATHMORE','VICTORIA','3041'),(8075189,'2242 GIN GIN RD','SOUTH KOLAN','QUEENSLAND','4670'),(8158928,'45 TWEED CR','MOUNT GAMBIER','SOUTH AUSTRALIA','5290'),(8275944,'56 BURGESS ST','BEVERLEY PARK','NEW SOUTH WALES','2217'),(8384200,'10 VINE CT','GREENWOOD','WESTERN AUSTRALIA','6024'),(8395933,'1100 AVONHOLME CIR','CHIDLOW','WESTERN AUSTRALIA','6556'),(8590178,'68 WHEATLEY DR','BULL CREEK','WESTERN AUSTRALIA','6149'),(8614639,'67 SUNSET RD','KENMORE','QUEENSLAND','4069'),(8836302,'143 HUNTINGDALE ST','PULLENVALE','QUEENSLAND','4069'),(8891502,'19 BINNA BURRA ST','VILLAWOOD','NEW SOUTH WALES','2163'),(8917811,'220 PATULLOS RD','LARA','VICTORIA','3212'),(8924059,'415 BOURKE ST','MELBOURNE','VICTORIA','3000'),(9058691,'92 BEACH RD','LEITH','TASMANIA','7315'),(9115152,'135 NORTH WEST COASTAL HWY','WONTHELLA','WESTERN AUSTRALIA','6530'),(9392599,'5 ARDTORNISH ST','HOLDEN HILL','SOUTH AUSTRALIA','5088'),(9481397,'31 COSIER DR','NOBLE PARK','VICTORIA','3174'),(9586566,'2 RED GUM CCT','SAPPHIRE BEACH','NEW SOUTH WALES','2450'),(9652775,'20 WILSON ST','SOUTH YARRA','VICTORIA','3141'),(9669222,'UNIT 3 6 ATHERTON AV','WEST MOONAH','TASMANIA','7009'),(9808184,'7 LINDSAY CT','WILLIAMSTOWN','VICTORIA','3016'),(9811769,'6 ROSEVILLE TCE','GLENMORE PARK','NEW SOUTH WALES','2745'),(9852250,'34 DA COSTA AV','PROSPECT','SOUTH AUSTRALIA','5082'),(9854133,'112 BURELLI ST','WOLLONGONG','NEW SOUTH WALES','2500'),(9872222,'28 STILLWATER DR','TWIN WATERS','QUEENSLAND','4564');

/*!40101 SET SQL_MODE=@OLD_SQL_MODE */;
/*!40014 SET FOREIGN_KEY_CHECKS=@OLD_FOREIGN_KEY_CHECKS */;
/*!40014 SET UNIQUE_CHECKS=@OLD_UNIQUE_CHECKS */;
/*!40111 SET SQL_NOTES=@OLD_SQL_NOTES */;
